Workbook
Name Slicer_Grade: #N/A
Name Slicer_Sub_Skill_Measure: #N/A

Sheet Trend Analysis
A1: Grade | B1: (All)
A2: Sub_Skill_Measure | B2: Word Reading (WRF)
A4: Row Labels | B4: Average of BOY_Proficient | C4: Average of MOY_Proficient | D4: Average of EOY_Proficient
A5: 2022 | B5: 0.305 | C5: 0.555 | D5: 0.6025
A6: 2023 | B6: 0.4225 | C6: 0.5625 | D6: 0.6525
A7: 2024 | B7: 0.5575 | C7: 0.6875 | D7: 0.7075
A8: 2025 | B8: 0.5425 | C8: 0.7075 | D8: 0.71
A9: 2026 | B9: 0.466 | C9: 0.606 | D9: 0.604
A10: Grand Total | B10: 0.45904762 | C10: 0.62285714 | D10: 0.65285714

Sheet Cohort Analysis
A3: Sub_Skill_Measure | B3: Letter Sounds (NWF-CLS)
A5: Average of EOY_Proficient | B5: Column Labels
A6: Row Labels | B6: K | C6: 1 | D6: 2 | E6: 3 | F6: 4 | G6: Grand Total
A7: 2022 | B7: 0.76 | C7: 0.64 | D7: 0.65 | E7: 0.49 | G7: 0.635
A8: 2023 | B8: 0.84 | C8: 0.8 | D8: 0.79 | E8: 0.57 | G8: 0.75
A9: 2024 | B9: 0.87 | C9: 0.79 | D9: 0.82 | E9: 0.7 | G9: 0.795
A10: 2025 | B10: 0.98 | C10: 0.69 | D10: 0.76 | E10: 0.64 | G10: 0.7675
A11: 2026 | B11: 0.97 | C11: 0.89 | D11: 0.77 | E11: 0.64 | F11: 0.25 | G11: 0.704
A12: Grand Total | B12: 0.884 | C12: 0.762 | D12: 0.758 | E12: 0.608 | F12: 0.25 | G12: 0.72904762

Sheet Tier Movement
A1: Grade | B1: 1 | F1: Grade | G1: 1
A2: Sub_Skill_Measure | B2: Composite Score | F2: Sub_Skill_Measure | G2: Word Reading (WRF)
A3: Data_Year | B3: 2024 | F3: Data_Year | G3: 2026
A5: Average of BOY_Red | B5: Average of MOY_Red | C5: Average of EOY_Red | F5: Average of BOY_Blue | G5: Average of MOY_Blue | H5: Average of EOY_Blue
A6: 0.17 | B6: 0.15 | C6: 0.08 | F6: 0.3 | G6: 0.42 | H6: 0.43

Sheet Sheet6
A1: Select Cohort: | B1: 22K
A2: Select Measure: | B2: Letter Sounds (NWF-CLS)
A4: Grade | B4: Year | C4: EOY_Proficient
A5: K | B5: =IF($B$1="22K", 2022, IF($B$1="23K", 2023, IF($B$1="24K", 2024, IF($B$1="25K", 2025, IF($B$1="26K", 2026, ""))))) -> 2022 | C5: =AVERAGEIFS(Historical_Master_Data!S:S, Historical_Master_Data!B:B, A5, Historical_Master_Data!A:A, B5, Historical_Master_Data!C:C, $B$2) -> 0.76
A6: 1 | B6: =B5+1 -> 2023 | C6: =AVERAGEIFS(Historical_Master_Data!S:S, Historical_Master_Data!B:B, A6, Historical_Master_Data!A:A, B6, Historical_Master_Data!C:C, $B$2) -> 0.8
A7: 2 | B7: =B6+1 -> 2024 | C7: =AVERAGEIFS(Historical_Master_Data!S:S, Historical_Master_Data!B:B, A7, Historical_Master_Data!A:A, B7, Historical_Master_Data!C:C, $B$2) -> 0.82
A8: 3 | B8: =B7+1 -> 2025 | C8: =AVERAGEIFS(Historical_Master_Data!S:S, Historical_Master_Data!B:B, A8, Historical_Master_Data!A:A, B8, Historical_Master_Data!C:C, $B$2) -> 0.64
A9: 4 | B9: =B8+1 -> 2026 | C9: =AVERAGEIFS(Historical_Master_Data!S:S, Historical_Master_Data!B:B, A9, Historical_Master_Data!A:A, B9, Historical_Master_Data!C:C, $B$2) -> 0.25
A10: 5 | B10: =B9+1 -> 2027 | C10: =AVERAGEIFS(Historical_Master_Data!S:S, Historical_Master_Data!B:B, A10, Historical_Master_Data!A:A, B10, Historical_Master_Data!C:C, $B$2) -> #DIV/0!

Sheet Historical_Master_Data
A1: Data_Year | B1: Grade | C1: Sub_Skill_Measure | D1: Total_Students_N | E1: BOY_Red | F1: BOY_Yellow | G1: BOY_Green | H1: BOY_Blue | I1: MOY_Red | J1: MOY_Yellow | K1: MOY_Green | L1: MOY_Blue | M1: EOY_Red | N1: EOY_Yellow | O1: EOY_Green | P1: EOY_Blue | Q1: BOY_Proficient | R1: MOY_Proficient | S1: EOY_Proficient | T1: In_Year_Growth
A2: 2022 | B2: 1 | C2: Composite Score | D2: 98 | E2: 0.31 | F2: 0.22 | G2: 0.32 | H2: 0.15 | I2: 0.37 | J2: 0.14 | K2: 0.32 | L2: 0.17 | M2: 0.13 | N2: 0.17 | O2: 0.4 | P2: 0.3 | Q2: =SUM(G2:H2) -> 0.47 | R2: =SUM(K2:L2) -> 0.49 | S2: =SUM(O2:P2) -> 0.7 | T2: =S2-Q2 -> 0.23
A3: 2023 | B3: 1 | C3: Composite Score | D3: 100 | E3: 0.29 | F3: 0.26 | G3: 0.26 | H3: 0.19 | I3: 0.21 | J3: 0.24 | K3: 0.33 | L3: 0.22 | M3: 0.11 | N3: 0.12 | O3: 0.36 | P3: 0.41 | Q3: =SUM(G3:H3) -> 0.45 | R3: =SUM(K3:L3) -> 0.55 | S3: =SUM(O3:P3) -> 0.77 | T3: =S3-Q3 -> 0.32
A4: 2024 | B4: 1 | C4: Composite Score | D4: 106 | E4: 0.17 | F4: 0.14 | G4: 0.4 | H4: 0.29 | I4: 0.15 | J4: 0.13 | K4: 0.4 | L4: 0.32 | M4: 0.08 | N4: 0.14 | O4: 0.29 | P4: 0.49 | Q4: =SUM(G4:H4) -> 0.69 | R4: =SUM(K4:L4) -> 0.72 | S4: =SUM(O4:P4) -> 0.78 | T4: =S4-Q4 -> 0.09
A5: 2025 | B5: 1 | C5: Composite Score | D5: 95 | E5: 0.18 | F5: 0.26 | G5: 0.26 | H5: 0.3 | I5: 0.19 | J5: 0.18 | K5: 0.27 | L5: 0.36 | M5: 0.12 | N5: 0.18 | O5: 0.31 | P5: 0.39 | Q5: =SUM(G5:H5) -> 0.56 | R5: =SUM(K5:L5) -> 0.63 | S5: =SUM(O5:P5) -> 0.7 | T5: =S5-Q5 -> 0.14
A6: 2026 | B6: 1 | C6: Composite Score | D6: 88 | E6: 0.09 | F6: 0.2 | G6: 0.38 | H6: 0.33 | I6: 0.13 | J6: 0.15 | K6: 0.33 | L6: 0.39 | M6: 0.09 | N6: 0.05 | O6: 0.39 | P6: 0.47 | Q6: =SUM(G6:H6) -> 0.71 | R6: =SUM(K6:L6) -> 0.72 | S6: =SUM(O6:P6) -> 0.86 | T6: =S6-Q6 -> 0.15
A7: 2022 | B7: 1 | C7: Decoding (NWF-WRC) | D7: 98 | E7: 0.39 | F7: 0.25 | G7: 0.26 | H7: 0.1 | I7: 0.36 | J7: 0.21 | K7: 0.3 | L7: 0.13 | M7: 0.15 | N7: 0.15 | O7: 0.43 | P7: 0.27 | Q7: =SUM(G7:H7) -> 0.36 | R7: =SUM(K7:L7) -> 0.43 | S7: =SUM(O7:P7) -> 0.7 | T7: =S7-Q7 -> 0.34
A8: 2023 | B8: 1 | C8: Decoding (NWF-WRC) | D8: 100 | E8: 0.34 | F8: 0.27 | G8: 0.23 | H8: 0.16 | I8: 0.21 | J8: 0.19 | K8: 0.42 | L8: 0.18 | M8: 0.1 | N8: 0.1 | O8: 0.41 | P8: 0.39 | Q8: =SUM(G8:H8) -> 0.39 | R8: =SUM(K8:L8) -> 0.6 | S8: =SUM(O8:P8) -> 0.8 | T8: =S8-Q8 -> 0.41
A9: 2024 | B9: 1 | C9: Decoding (NWF-WRC) | D9: 106 | E9: 0.18 | F9: 0.18 | G9: 0.45 | H9: 0.19 | I9: 0.22 | J9: 0.13 | K9: 0.38 | L9: 0.27 | M9: 0.12 | N9: 0.05 | O9: 0.45 | P9: 0.38 | Q9: =SUM(G9:H9) -> 0.64 | R9: =SUM(K9:L9) -> 0.65 | S9: =SUM(O9:P9) -> 0.83 | T9: =S9-Q9 -> 0.19
A10: 2025 | B10: 1 | C10: Decoding (NWF-WRC) | D10: 95 | E10: 0.07 | F10: 0.26 | G10: 0.39 | H10: 0.28 | I10: 0.14 | J10: 0.19 | K10: 0.38 | L10: 0.29 | M10: 0.12 | N10: 0.14 | O10: 0.37 | P10: 0.37 | Q10: =SUM(G10:H10) -> 0.67 | R10: =SUM(K10:L10) -> 0.67 | S10: =SUM(O10:P10) -> 0.74 | T10: =S10-Q10 -> 0.07
A11: 2026 | B11: 1 | C11: Decoding (NWF-WRC) | D11: 88 | E11: 0.06 | F11: 0.11 | G11: 0.55 | H11: 0.28 | I11: 0.08 | J11: 0.2 | K11: 0.48 | L11: 0.24 | M11: 0.06 | N11: 0.01 | O11: 0.5 | P11: 0.43 | Q11: =SUM(G11:H11) -> 0.83 | R11: =SUM(K11:L11) -> 0.72 | S11: =SUM(O11:P11) -> 0.93 | T11: =S11-Q11 -> 0.1
A12: 2022 | B12: 1 | C12: Letter Names (LNF) | D12: 98 | E12: 0.33 | F12: 0.27 | G12: 0.4 | I12: 0.35 | J12: 0.11 | K12: 0.54 | M12: 0.12 | N12: 0.06 | O12: 0.82 | Q12: =SUM(G12:H12) -> 0.4 | R12: =SUM(K12:L12) -> 0.54 | S12: =SUM(O12:P12) -> 0.82 | T12: =S12-Q12 -> 0.42
A13: 2023 | B13: 1 | C13: Letter Names (LNF) | D13: 100 | E13: 0.3 | F13: 0.24 | G13: 0.46 | I13: 0.19 | J13: 0.09 | K13: 0.72 | M13: 0.06 | O13: 0.93 | Q13: =SUM(G13:H13) -> 0.46 | R13: =SUM(K13:L13) -> 0.72 | S13: =SUM(O13:P13) -> 0.93 | T13: =S13-Q13 -> 0.47
A14: 2024 | B14: 1 | C14: Letter Names (LNF) | D14: 106 | E14: 0.15 | F14: 0.17 | G14: 0.68 | I14: 0.13 | J14: 0.07 | K14: 0.8 | M14: 0.03 | N14: 0.04 | O14: 0.93 | Q14: =SUM(G14:H14) -> 0.68 | R14: =SUM(K14:L14) -> 0.8 | S14: =SUM(O14:P14) -> 0.93 | T14: =S14-Q14 -> 0.25
A15: 2025 | B15: 1 | C15: Letter Names (LNF) | D15: 95 | E15: 0.2 | F15: 0.22 | G15: 0.58 | I15: 0.18 | J15: 0.09 | K15: 0.73 | M15: 0.11 | N15: 0.14 | O15: 0.75 | Q15: =SUM(G15:H15) -> 0.58 | R15: =SUM(K15:L15) -> 0.73 | S15: =SUM(O15:P15) -> 0.75 | T15: =S15-Q15 -> 0.17
A16: 2026 | B16: 1 | C16: Letter Names (LNF) | D16: 88 | E16: 0.17 | F16: 0.2 | G16: 0.63 | I16: 0.23 | J16: 0.07 | K16: 0.7 | M16: 0.07 | N16: 0.09 | O16: 0.84 | Q16: =SUM(G16:H16) -> 0.63 | R16: =SUM(K16:L16) -> 0.7 | S16: =SUM(O16:P16) -> 0.84 | T16: =S16-Q16 -> 0.21
A17: 2022 | B17: 1 | C17: Letter Sounds (NWF-CLS) | D17: 98 | E17: 0.39 | F17: 0.17 | G17: 0.25 | H17: 0.19 | I17: 0.5 | J17: 0.14 | K17: 0.23 | L17: 0.13 | M17: 0.18 | N17: 0.18 | O17: 0.37 | P17: 0.27 | Q17: =SUM(G17:H17) -> 0.44 | R17: =SUM(K17:L17) -> 0.36 | S17: =SUM(O17:P17) -> 0.64 | T17: =S17-Q17 -> 0.2
A18: 2023 | B18: 1 | C18: Letter Sounds (NWF-CLS) | D18: 100 | E18: 0.43 | F18: 0.11 | G18: 0.25 | H18: 0.21 | I18: 0.25 | J18: 0.23 | K18: 0.34 | L18: 0.18 | M18: 0.1 | N18: 0.1 | O18: 0.4 | P18: 0.4 | Q18: =SUM(G18:H18) -> 0.46 | R18: =SUM(K18:L18) -> 0.52 | S18: =SUM(O18:P18) -> 0.8 | T18: =S18-Q18 -> 0.34
A19: 2024 | B19: 1 | C19: Letter Sounds (NWF-CLS) | D19: 106 | E19: 0.24 | F19: 0.13 | G19: 0.32 | H19: 0.31 | I19: 0.2 | J19: 0.18 | K19: 0.33 | L19: 0.29 | M19: 0.09 | N19: 0.12 | O19: 0.36 | P19: 0.43 | Q19: =SUM(G19:H19) -> 0.63 | R19: =SUM(K19:L19) -> 0.62 | S19: =SUM(O19:P19) -> 0.79 | T19: =S19-Q19 -> 0.16
A20: 2025 | B20: 1 | C20: Letter Sounds (NWF-CLS) | D20: 95 | E20: 0.27 | F20: 0.15 | G20: 0.26 | H20: 0.32 | I20: 0.19 | J20: 0.27 | K20: 0.19 | L20: 0.35 | M20: 0.15 | N20: 0.16 | O20: 0.34 | P20: 0.35 | Q20: =SUM(G20:H20) -> 0.58 | R20: =SUM(K20:L20) -> 0.54 | S20: =SUM(O20:P20) -> 0.69 | T20: =S20-Q20 -> 0.11
A21: 2026 | B21: 1 | C21: Letter Sounds (NWF-CLS) | D21: 88 | E21: 0.11 | F21: 0.09 | G21: 0.43 | H21: 0.37 | I21: 0.15 | J21: 0.17 | K21: 0.4 | L21: 0.28 | M21: 0.04 | N21: 0.06 | O21: 0.45 | P21: 0.44 | Q21: =SUM(G21:H21) -> 0.8 | R21: =SUM(K21:L21) -> 0.68 | S21: =SUM(O21:P21) -> 0.89 | T21: =S21-Q21 -> 0.09
A22: 2022 | B22: 1 | C22: Phonemic Awareness (PSF) | D22: 98 | E22: 0.19 | F22: 0.26 | G22: 0.39 | H22: 0.16 | I22: 0.27 | J22: 0.27 | K22: 0.33 | L22: 0.13 | M22: 0.08 | N22: 0.14 | O22: 0.55 | P22: 0.23 | Q22: =SUM(G22:H22) -> 0.55 | R22: =SUM(K22:L22) -> 0.46 | S22: =SUM(O22:P22) -> 0.78 | T22: =S22-Q22 -> 0.23
A23: 2023 | B23: 1 | C23: Phonemic Awareness (PSF) | D23: 100 | E23: 0.15 | F23: 0.19 | G23: 0.5 | H23: 0.16 | I23: 0.07 | K23: 0.48 | L23: 0.42 | M23: 0.06 | O23: 0.34 | P23: 0.58 | Q23: =SUM(G23:H23) -> 0.66 | R23: =SUM(K23:L23) -> 0.9 | S23: =SUM(O23:P23) -> 0.92 | T23: =S23-Q23 -> 0.26
A24: 2024 | B24: 1 | C24: Phonemic Awareness (PSF) | D24: 106 | E24: 0.1 | F24: 0.14 | G24: 0.44 | H24: 0.32 | I24: 0.05 | J24: 0.05 | K24: 0.31 | L24: 0.59 | M24: 0.03 | N24: 0.02 | O24: 0.25 | P24: 0.7 | Q24: =SUM(G24:H24) -> 0.76 | R24: =SUM(K24:L24) -> 0.9 | S24: =SUM(O24:P24) -> 0.95 | T24: =S24-Q24 -> 0.19
A25: 2025 | B25: 1 | C25: Phonemic Awareness (PSF) | D25: 95 | E25: 0.05 | F25: 0.22 | G25: 0.5 | H25: 0.23 | J25: 0.09 | K25: 0.4 | L25: 0.46 | M25: 0.01 | N25: 0.04 | O25: 0.4 | P25: 0.55 | Q25: =SUM(G25:H25) -> 0.73 | R25: =SUM(K25:L25) -> 0.86 | S25: =SUM(O25:P25) -> 0.95 | T25: =S25-Q25 -> 0.22
A26: 2026 | B26: 1 | C26: Phonemic Awareness (PSF) | D26: 88 | E26: 0.07 | F26: 0.11 | G26: 0.32 | H26: 0.5 | J26: 0.1 | K26: 0.26 | L26: 0.61 | M26: 0.01 | N26: 0.01 | O26: 0.26 | P26: 0.72 | Q26: =SUM(G26:H26) -> 0.82 | R26: =SUM(K26:L26) -> 0.87 | S26: =SUM(O26:P26) -> 0.98 | T26: =S26-Q26 -> 0.16
A27: 2022 | B27: 1 | C27: Reading Accuracy (ORF-Accu) | D27: 98 | E27: 0.42 | F27: 0.17 | G27: 0.39 | I27: 0.25 | J27: 0.37 | K27: 0.38 | M27: 0.23 | N27: 0.13 | O27: 0.64 | Q27: =SUM(G27:H27) -> 0.39 | R27: =SUM(K27:L27) -> 0.38 | S27: =SUM(O27:P27) -> 0.64 | T27: =S27-Q27 -> 0.25
A28: 2023 | B28: 1 | C28: Reading Accuracy (ORF-Accu) | D28: 100 | E28: 0.46 | F28: 0.19 | G28: 0.33 | I28: 0.34 | J28: 0.27 | K28: 0.39 | M28: 0.24 | N28: 0.11 | O28: 0.65 | Q28: =SUM(G28:H28) -> 0.33 | R28: =SUM(K28:L28) -> 0.39 | S28: =SUM(O28:P28) -> 0.65 | T28: =S28-Q28 -> 0.32
A29: 2024 | B29: 1 | C29: Reading Accuracy (ORF-Accu) | D29: 106 | E29: 0.26 | F29: 0.25 | G29: 0.49 | I29: 0.17 | J29: 0.34 | K29: 0.49 | M29: 0.17 | N29: 0.06 | O29: 0.77 | Q29: =SUM(G29:H29) -> 0.49 | R29: =SUM(K29:L29) -> 0.49 | S29: =SUM(O29:P29) -> 0.77 | T29: =S29-Q29 -> 0.28
A30: 2025 | B30: 1 | C30: Reading Accuracy (ORF-Accu) | D30: 95 | E30: 0.35 | F30: 0.22 | G30: 0.43 | I30: 0.21 | J30: 0.33 | K30: 0.46 | M30: 0.19 | N30: 0.14 | O30: 0.67 | Q30: =SUM(G30:H30) -> 0.43 | R30: =SUM(K30:L30) -> 0.46 | S30: =SUM(O30:P30) -> 0.67 | T30: =S30-Q30 -> 0.24
A31: 2026 | B31: 1 | C31: Reading Accuracy (ORF-Accu) | D31: 88 | E31: 0.27 | F31: 0.17 | G31: 0.56 | I31: 0.16 | J31: 0.3 | K31: 0.54 | M31: 0.13 | N31: 0.18 | O31: 0.69 | Q31: =SUM(G31:H31) -> 0.56 | R31: =SUM(K31:L31) -> 0.54 | S31: =SUM(O31:P31) -> 0.69 | T31: =S31-Q31 -> 0.13
A32: 2022 | B32: 1 | C32: Reading Fluency (ORF) | D32: 98 | E32: 0.35 | F32: 0.18 | G32: 0.26 | H32: 0.19 | I32: 0.33 | J32: 0.19 | K32: 0.28 | L32: 0.2 | M32: 0.13 | N32: 0.29 | O32: 0.24 | P32: 0.34 | Q32: =SUM(G32:H32) -> 0.45 | R32: =SUM(K32:L32) -> 0.48 | S32: =SUM(O32:P32) -> 0.58 | T32: =S32-Q32 -> 0.13
A33: 2023 | B33: 1 | C33: Reading Fluency (ORF) | D33: 100 | E33: 0.37 | F33: 0.15 | G33: 0.31 | H33: 0.15 | I33: 0.38 | J33: 0.15 | K33: 0.25 | L33: 0.22 | M33: 0.16 | N33: 0.19 | O33: 0.3 | P33: 0.35 | Q33: =SUM(G33:H33) -> 0.46 | R33: =SUM(K33:L33) -> 0.47 | S33: =SUM(O33:P33) -> 0.65 | T33: =S33-Q33 -> 0.19
A34: 2024 | B34: 1 | C34: Reading Fluency (ORF) | D34: 106 | E34: 0.25 | F34: 0.1 | G34: 0.39 | H34: 0.26 | I34: 0.19 | J34: 0.12 | K34: 0.39 | L34: 0.3 | M34: 0.16 | N34: 0.09 | O34: 0.29 | P34: 0.46 | Q34: =SUM(G34:H34) -> 0.65 | R34: =SUM(K34:L34) -> 0.69 | S34: =SUM(O34:P34) -> 0.75 | T34: =S34-Q34 -> 0.1
A35: 2025 | B35: 1 | C35: Reading Fluency (ORF) | D35: 95 | E35: 0.3 | F35: 0.13 | G35: 0.33 | H35: 0.24 | I35: 0.24 | J35: 0.16 | K35: 0.25 | L35: 0.35 | M35: 0.21 | N35: 0.13 | O35: 0.22 | P35: 0.44 | Q35: =SUM(G35:H35) -> 0.57 | R35: =SUM(K35:L35) -> 0.6 | S35: =SUM(O35:P35) -> 0.66 | T35: =S35-Q35 -> 0.09
A36: 2026 | B36: 1 | C36: Reading Fluency (ORF) | D36: 88 | E36: 0.22 | F36: 0.18 | G36: 0.33 | H36: 0.27 | I36: 0.22 | J36: 0.1 | K36: 0.31 | L36: 0.37 | M36: 0.1 | N36: 0.18 | O36: 0.25 | P36: 0.47 | Q36: =SUM(G36:H36) -> 0.6 | R36: =SUM(K36:L36) -> 0.68 | S36: =SUM(O36:P36) -> 0.72 | T36: =S36-Q36 -> 0.12
A37: 2023 | B37: 1 | C37: Word Reading (WRF) | D37: 100 | E37: 0.37 | F37: 0.17 | G37: 0.24 | H37: 0.22 | I37: 0.26 | J37: 0.17 | K37: 0.31 | L37: 0.26 | M37: 0.17 | N37: 0.22 | O37: 0.28 | P37: 0.33 | Q37: =SUM(G37:H37) -> 0.46 | R37: =SUM(K37:L37) -> 0.57 | S37: =SUM(O37:P37) -> 0.61 | T37: =S37-Q37 -> 0.15
A38: 2025 | B38: 1 | C38: Word Reading (WRF) | D38: 95 | E38: 0.29 | F38: 0.2 | G38: 0.21 | H38: 0.3 | I38: 0.19 | J38: 0.12 | K38: 0.33 | L38: 0.36 | M38: 0.15 | N38: 0.21 | O38: 0.24 | P38: 0.4 | Q38: =SUM(G38:H38) -> 0.51 | R38: =SUM(K38:L38) -> 0.69 | S38: =SUM(O38:P38) -> 0.64 | T38: =S38-Q38 -> 0.13
A39: 2026 | B39: 1 | C39: Word Reading (WRF) | D39: 88 | E39: 0.24 | F39: 0.11 | G39: 0.35 | H39: 0.3 | I39: 0.13 | J39: 0.17 | K39: 0.28 | L39: 0.42 | M39: 0.09 | N39: 0.21 | O39: 0.27 | P39: 0.43 | Q39: =SUM(G39:H39) -> 0.65 | R39: =SUM(K39:L39) -> 0.7 | S39: =SUM(O39:P39) -> 0.7 | T39: =S39-Q39 -> 0.05
A40: 2022 | B40: 1 | C40: Word Reading (WRF) | D40: 98 | E40: 0.38 | F40: 0.17 | G40: 0.23 | H40: 0.22 | I40: 0.31 | J40: 0.13 | K40: 0.31 | L40: 0.25 | M40: 0.16 | N40: 0.27 | O40: 0.27 | P40: 0.3 | Q40: =SUM(G40:H40) -> 0.45 | R40: =SUM(K40:L40) -> 0.56 | S40: =SUM(O40:P40) -> 0.57 | T40: =S40-Q40 -> 0.12
A41: 2024 | B41: 1 | C41: Word Reading (WRF) | D41: 106 | E41: 0.22 | F41: 0.1 | G41: 0.31 | H41: 0.37 | I41: 0.14 | J41: 0.16 | K41: 0.34 | L41: 0.36 | M41: 0.12 | N41: 0.2 | O41: 0.22 | P41: 0.46 | Q41: =SUM(G41:H41) -> 0.68 | R41: =SUM(K41:L41) -> 0.7 | S41: =SUM(O41:P41) -> 0.68 | T41: =S41-Q41 -> 0
A42: 2022 | B42: 2 | C42: Basic Comprehension (Maze) | D42: 96 | E42: 0.55 | F42: 0.14 | G42: 0.15 | H42: 0.16 | I42: 0.42 | J42: 0.1 | K42: 0.36 | L42: 0.12 | M42: 0.36 | N42: 0.14 | O42: 0.3 | P42: 0.2 | Q42: =SUM(G42:H42) -> 0.31 | R42: =SUM(K42:L42) -> 0.48 | S42: =SUM(O42:P42) -> 0.5 | T42: =S42-Q42 -> 0.19
A43: 2023 | B43: 2 | C43: Basic Comprehension (Maze) | D43: 95 | E43: 0.47 | F43: 0.2 | G43: 0.25 | H43: 0.08 | I43: 0.39 | J43: 0.18 | K43: 0.29 | L43: 0.14 | M43: 0.27 | N43: 0.12 | O43: 0.41 | P43: 0.2 | Q43: =SUM(G43:H43) -> 0.33 | R43: =SUM(K43:L43) -> 0.43 | S43: =SUM(O43:P43) -> 0.61 | T43: =S43-Q43 -> 0.28
... A53: 2023 | B53: 2 | C53: Decoding (NWF-WRC) | D53: 95 | E53: 0.38 | F53: 0.18 | G53: 0.29 | H53: 0.15 | I53: 0.19 | J53: 0.13 | K53: 0.45 | L53: 0.23 | M53: 0.07 | N53: 0.08 | O53: 0.53 | P53: 0.32 | Q53: =SUM(G53:H53) -> 0.44 | R53: =SUM(K53:L53) -> 0.68 | S53: =SUM(O53:P53) -> 0.85 | T53: =S53-Q53 -> 0.41
A54: 2024 | B54: 2 | C54: Decoding (NWF-WRC) | D54: 113 | E54: 0.24 | F54: 0.18 | G54: 0.35 | H54: 0.23 | I54: 0.07 | J54: 0.11 | K54: 0.5 | L54: 0.32 | N54: 0.09 | O54: 0.42 | P54: 0.45 | Q54: =SUM(G54:H54) -> 0.58 | R54: =SUM(K54:L54) -> 0.82 | S54: =SUM(O54:P54) -> 0.87 | T54: =S54-Q54 -> 0.29
A55: 2025 | B55: 2 | C55: Decoding (NWF-WRC) | D55: 103 | E55: 0.2 | F55: 0.18 | G55: 0.25 | H55: 0.37 | I55: 0.11 | J55: 0.09 | K55: 0.44 | L55: 0.36 | M55: 0.09 | N55: 0.08 | O55: 0.43 | P55: 0.4 | Q55: =SUM(G55:H55) -> 0.62 | R55: =SUM(K55:L55) -> 0.8 | S55: =SUM(O55:P55) -> 0.83 | T55: =S55-Q55 -> 0.21
A56: 2026 | B56: 2 | C56: Decoding (NWF-WRC) | D56: 95 | E56: 0.27 | F56: 0.18 | G56: 0.24 | H56: 0.31 | I56: 0.15 | J56: 0.08 | K56: 0.45 | L56: 0.32 | M56: 0.06 | N56: 0.15 | O56: 0.41 | P56: 0.38 | Q56: =SUM(G56:H56) -> 0.55 | R56: =SUM(K56:L56) -> 0.77 | S56: =SUM(O56:P56) -> 0.79 | T56: =S56-Q56 -> 0.24
A57: 2022 | B57: 2 | C57: Letter Sounds (NWF-CLS) | D57: 96 | E57: 0.47 | F57: 0.14 | G57: 0.33 | H57: 0.05 | I57: 0.31 | J57: 0.19 | K57: 0.3 | L57: 0.2 | M57: 0.13 | N57: 0.22 | O57: 0.38 | P57: 0.27 | Q57: =SUM(G57:H57) -> 0.38 | R57: =SUM(K57:L57) -> 0.5 | S57: =SUM(O57:P57) -> 0.65 | T57: =S57-Q57 -> 0.27
A58: 2023 | B58: 2 | C58: Letter Sounds (NWF-CLS) | D58: 95 | E58: 0.38 | F58: 0.16 | G58: 0.35 | H58: 0.11 | I58: 0.14 | J58: 0.19 | K58: 0.4 | L58: 0.27 | M58: 0.06 | N58: 0.15 | O58: 0.46 | P58: 0.33 | Q58: =SUM(G58:H58) -> 0.46 | R58: =SUM(K58:L58) -> 0.67 | S58: =SUM(O58:P58) -> 0.79 | T58: =S58-Q58 -> 0.33
A59: 2024 | B59: 2 | C59: Letter Sounds (NWF-CLS) | D59: 113 | E59: 0.29 | F59: 0.16 | G59: 0.38 | H59: 0.17 | I59: 0.09 | J59: 0.15 | K59: 0.41 | L59: 0.35 | M59: 0.05 | N59: 0.13 | O59: 0.38 | P59: 0.44 | Q59: =SUM(G59:H59) -> 0.55 | R59: =SUM(K59:L59) -> 0.76 | S59: =SUM(O59:P59) -> 0.82 | T59: =S59-Q59 -> 0.27
A60: 2025 | B60: 2 | C60: Letter Sounds (NWF-CLS) | D60: 103 | E60: 0.22 | F60: 0.14 | G60: 0.35 | H60: 0.29 | I60: 0.15 | J60: 0.17 | K60: 0.29 | L60: 0.39 | M60: 0.09 | N60: 0.15 | O60: 0.37 | P60: 0.39 | Q60: =SUM(G60:H60) -> 0.64 | R60: =SUM(K60:L60) -> 0.68 | S60: =SUM(O60:P60) -> 0.76 | T60: =S60-Q60 -> 0.12
A61: 2026 | B61: 2 | C61: Letter Sounds (NWF-CLS) | D61: 95 | E61: 0.27 | F61: 0.16 | G61: 0.27 | H61: 0.3 | I61: 0.18 | J61: 0.11 | K61: 0.36 | L61: 0.35 | M61: 0.06 | N61: 0.17 | O61: 0.39 | P61: 0.38 | Q61: =SUM(G61:H61) -> 0.57 | R61: =SUM(K61:L61) -> 0.71 | S61: =SUM(O61:P61) -> 0.77 | T61: =S61-Q61 -> 0.2
A62: 2022 | B62: 2 | C62: Reading Accuracy (ORF-Accu) | D62: 96 | E62: 0.41 | F62: 0.13 | G62: 0.46 | I62: 0.3 | J62: 0.14 | K62: 0.56 | M62: 0.14 | N62: 0.06 | O62: 0.8 | Q62: =SUM(G62:H62) -> 0.46 | R62: =SUM(K62:L62) -> 0.56 | S62: =SUM(O62:P62) -> 0.8 | T62: =S62-Q62 -> 0.34
A63: 2023 | B63: 2 | C63: Reading Accuracy (ORF-Accu) | D63: 95 | E63: 0.36 | F63: 0.21 | G63: 0.43 | I63: 0.14 | J63: 0.15 | K63: 0.71 | M63: 0.06 | N63: 0.06 | O63: 0.88 | Q63: =SUM(G63:H63) -> 0.43 | R63: =SUM(K63:L63) -> 0.71 | S63: =SUM(O63:P63) -> 0.88 | T63: =S63-Q63 -> 0.45
A64: 2024 | B64: 2 | C64: Reading Accuracy (ORF-Accu) | D64: 113 | E64: 0.31 | F64: 0.18 | G64: 0.51 | I64: 0.15 | J64: 0.14 | K64: 0.71 | M64: 0.1 | O64: 0.86 | Q64: =SUM(G64:H64) -> 0.51 | R64: =SUM(K64:L64) -> 0.71 | S64: =SUM(O64:P64) -> 0.86 | T64: =S64-Q64 -> 0.35
A65: 2025 | B65: 2 | C65: Reading Accuracy (ORF-Accu) | D65: 103 | E65: 0.27 | F65: 0.1 | G65: 0.63 | I65: 0.17 | J65: 0.09 | K65: 0.74 | M65: 0.08 | O65: 0.88 | Q65: =SUM(G65:H65) -> 0.63 | R65: =SUM(K65:L65) -> 0.74 | S65: =SUM(O65:P65) -> 0.88 | T65: =S65-Q65 -> 0.25
A66: 2026 | B66: 2 | C66: Reading Accuracy (ORF-Accu) | D66: 95 | E66: 0.31 | F66: 0.11 | G66: 0.58 | I66: 0.16 | J66: 0.18 | K66: 0.66 | M66: 0.1 | N66: 0.08 | O66: 0.82 | Q66: =SUM(G66:H66) -> 0.58 | R66: =SUM(K66:L66) -> 0.66 | S66: =SUM(O66:P66) -> 0.82 | T66: =S66-Q66 -> 0.24
A67: 2022 | B67: 2 | C67: Reading Fluency (ORF) | D67: 96 | E67: 0.43 | F67: 0.16 | G67: 0.31 | H67: 0.1 | I67: 0.42 | J67: 0.09 | K67: 0.34 | L67: 0.15 | M67: 0.36 | N67: 0.13 | O67: 0.31 | P67: 0.2 | Q67: =SUM(G67:H67) -> 0.41 | R67: =SUM(K67:L67) -> 0.49 | S67: =SUM(O67:P67) -> 0.51 | T67: =S67-Q67 -> 0.1
A68: 2023 | B68: 2 | C68: Reading Fluency (ORF) | D68: 95 | E68: 0.38 | F68: 0.19 | G68: 0.32 | H68: 0.11 | I68: 0.3 | J68: 0.22 | K68: 0.32 | L68: 0.16 | M68: 0.21 | N68: 0.14 | O68: 0.34 | P68: 0.31 | Q68: =SUM(G68:H68) -> 0.43 | R68: =SUM(K68:L68) -> 0.48 | S68: =SUM(O68:P68) -> 0.65 | T68: =S68-Q68 -> 0.22
A69: 2024 | B69: 2 | C69: Reading Fluency (ORF) | D69: 113 | E69: 0.36 | F69: 0.15 | G69: 0.37 | H69: 0.12 | I69: 0.26 | J69: 0.15 | K69: 0.41 | L69: 0.18 | M69: 0.2 | N69: 0.13 | O69: 0.4 | P69: 0.27 | Q69: =SUM(G69:H69) -> 0.49 | R69: =SUM(K69:L69) -> 0.59 | S69: =SUM(O69:P69) -> 0.67 | T69: =S69-Q69 -> 0.18
A70: 2025 | B70: 2 | C70: Reading Fluency (ORF) | D70: 103 | E70: 0.31 | F70: 0.08 | G70: 0.38 | H70: 0.23 | I70: 0.23 | J70: 0.15 | K70: 0.33 | L70: 0.29 | M70: 0.21 | N70: 0.1 | O70: 0.34 | P70: 0.35 | Q70: =SUM(G70:H70) -> 0.61 | R70: =SUM(K70:L70) -> 0.62 | S70: =SUM(O70:P70) -> 0.69 | T70: =S70-Q70 -> 0.08
A71: 2026 | B71: 2 | C71: Reading Fluency (ORF) | D71: 95 | E71: 0.31 | F71: 0.17 | G71: 0.37 | H71: 0.15 | I71: 0.26 | J71: 0.17 | K71: 0.34 | L71: 0.23 | M71: 0.28 | N71: 0.2 | O71: 0.27 | P71: 0.25 | Q71: =SUM(G71:H71) -> 0.52 | R71: =SUM(K71:L71) -> 0.57 | S71: =SUM(O71:P71) -> 0.52 | T71: =S71-Q71 -> 0
A72: 2022 | B72: 2 | C72: Word Reading (WRF) | D72: 96 | E72: 0.35 | F72: 0.18 | G72: 0.35 | H72: 0.11 | I72: 0.31 | J72: 0.18 | K72: 0.31 | L72: 0.2 | M72: 0.26 | N72: 0.17 | O72: 0.3 | P72: 0.27 | Q72: =SUM(G72:H72) -> 0.46 | R72: =SUM(K72:L72) -> 0.51 | S72: =SUM(O72:P72) -> 0.57 | T72: =S72-Q72 -> 0.11
A73: 2023 | B73: 2 | C73: Word Reading (WRF) | D73: 95 | E73: 0.33 | F73: 0.13 | G73: 0.35 | H73: 0.19 | I73: 0.2 | J73: 0.23 | K73: 0.38 | L73: 0.19 | M73: 0.13 | N73: 0.17 | O73: 0.42 | P73: 0.28 | Q73: =SUM(G73:H73) -> 0.54 | R73: =SUM(K73:L73) -> 0.57 | S73: =SUM(O73:P73) -> 0.7 | T73: =S73-Q73 -> 0.16
A74: 2024 | B74: 2 | C74: Word Reading (WRF) | D74: 113 | E74: 0.26 | F74: 0.13 | G74: 0.36 | H74: 0.25 | I74: 0.19 | J74: 0.16 | K74: 0.38 | L74: 0.27 | M74: 0.14 | N74: 0.12 | O74: 0.32 | P74: 0.42 | Q74: =SUM(G74:H74) -> 0.61 | R74: =SUM(K74:L74) -> 0.65 | S74: =SUM(O74:P74) -> 0.74 | T74: =S74-Q74 -> 0.13
A75: 2025 | B75: 2 | C75: Word Reading (WRF) | D75: 103 | E75: 0.25 | F75: 0.12 | G75: 0.36 | H75: 0.27 | I75: 0.18 | J75: 0.14 | K75: 0.29 | L75: 0.39 | M75: 0.15 | N75: 0.09 | O75: 0.33 | P75: 0.43 | Q75: =SUM(G75:H75) -> 0.63 | R75: =SUM(K75:L75) -> 0.68 | S75: =SUM(O75:P75) -> 0.76 | T75: =S75-Q75 -> 0.13
A76: 2026 | B76: 2 | C76: Word Reading (WRF) | D76: 95 | E76: 0.29 | F76: 0.14 | G76: 0.24 | H76: 0.33 | I76: 0.24 | J76: 0.13 | K76: 0.33 | L76: 0.3 | M76: 0.16 | N76: 0.15 | O76: 0.37 | P76: 0.32 | Q76: =SUM(G76:H76) -> 0.57 | R76: =SUM(K76:L76) -> 0.63 | S76: =SUM(O76:P76) -> 0.69 | T76: =S76-Q76 -> 0.12
A77: 2022 | B77: 3 | C77: Basic Comprehension (Maze) | D77: 104 | E77: 0.52 | F77: 0.22 | G77: 0.21 | H77: 0.05 | I77: 0.47 | J77: 0.13 | K77: 0.29 | L77: 0.11 | M77: 0.31 | N77: 0.16 | O77: 0.34 | P77: 0.19 | Q77: =SUM(G77:H77) -> 0.26 | R77: =SUM(K77:L77) -> 0.4 | S77: =SUM(O77:P77) -> 0.53 | T77: =S77-Q77 -> 0.27
A78: 2023 | B78: 3 | C78: Basic Comprehension (Maze) | D78: 119 | E78: 0.32 | F78: 0.17 | G78: 0.3 | H78: 0.21 | I78: 0.37 | J78: 0.15 | K78: 0.33 | L78: 0.15 | M78: 0.25 | N78: 0.18 | O78: 0.35 | P78: 0.22 | Q78: =SUM(G78:H78) -> 0.51 | R78: =SUM(K78:L78) -> 0.48 | S78: =SUM(O78:P78) -> 0.57 | T78: =S78-Q78 -> 0.06
... A81: 2026 | B81: 3 | C81: Basic Comprehension (Maze) | D81: 100 | E81: 0.25 | F81: 0.2 | G81: 0.31 | H81: 0.24 | I81: 0.24 | J81: 0.08 | K81: 0.34 | L81: 0.34 | M81: 0.19 | N81: 0.12 | O81: 0.32 | P81: 0.37 | Q81: =SUM(G81:H81) -> 0.55 | R81: =SUM(K81:L81) -> 0.68 | S81: =SUM(O81:P81) -> 0.69 | T81: =S81-Q81 -> 0.14
A82: 2022 | B82: 3 | C82: Composite Score | D82: 104 | E82: 0.47 | F82: 0.25 | G82: 0.24 | I82: 0.4 | J82: 0.14 | K82: 0.34 | L82: 0.12 | M82: 0.34 | N82: 0.17 | O82: 0.2 | P82: 0.29 | Q82: =SUM(G82:H82) -> 0.24 | R82: =SUM(K82:L82) -> 0.46 | S82: =SUM(O82:P82) -> 0.49 | T82: =S82-Q82 -> 0.25
A83: 2023 | B83: 3 | C83: Composite Score | D83: 119 | E83: 0.31 | F83: 0.25 | G83: 0.34 | H83: 0.1 | I83: 0.29 | J83: 0.15 | K83: 0.41 | L83: 0.15 | M83: 0.2 | N83: 0.25 | O83: 0.25 | P83: 0.3 | Q83: =SUM(G83:H83) -> 0.44 | R83: =SUM(K83:L83) -> 0.56 | S83: =SUM(O83:P83) -> 0.55 | T83: =S83-Q83 -> 0.11
A84: 2024 | B84: 3 | C84: Composite Score | D84: 96 | E84: 0.2 | F84: 0.22 | G84: 0.4 | H84: 0.18 | I84: 0.21 | J84: 0.13 | K84: 0.48 | L84: 0.18 | M84: 0.15 | N84: 0.18 | O84: 0.36 | P84: 0.31 | Q84: =SUM(G84:H84) -> 0.58 | R84: =SUM(K84:L84) -> 0.66 | S84: =SUM(O84:P84) -> 0.67 | T84: =S84-Q84 -> 0.09
A85: 2025 | B85: 3 | C85: Composite Score | D85: 120 | E85: 0.19 | F85: 0.24 | G85: 0.31 | H85: 0.26 | I85: 0.16 | J85: 0.2 | K85: 0.36 | L85: 0.28 | M85: 0.13 | N85: 0.23 | O85: 0.25 | P85: 0.39 | Q85: =SUM(G85:H85) -> 0.57 | R85: =SUM(K85:L85) -> 0.64 | S85: =SUM(O85:P85) -> 0.64 | T85: =S85-Q85 -> 0.07
A86: 2026 | B86: 3 | C86: Composite Score | D86: 100 | E86: 0.2 | F86: 0.13 | G86: 0.38 | H86: 0.29 | I86: 0.17 | J86: 0.11 | K86: 0.39 | L86: 0.33 | M86: 0.14 | N86: 0.19 | O86: 0.21 | P86: 0.46 | Q86: =SUM(G86:H86) -> 0.67 | R86: =SUM(K86:L86) -> 0.72 | S86: =SUM(O86:P86) -> 0.67 | T86: =S86-Q86 -> 0
A87: 2022 | B87: 3 | C87: Decoding (NWF-WRC) | D87: 104 | E87: 0.61 | F87: 0.16 | G87: 0.15 | H87: 0.08 | I87: 0.41 | J87: 0.13 | K87: 0.36 | L87: 0.1 | M87: 0.28 | N87: 0.18 | O87: 0.33 | P87: 0.21 | Q87: =SUM(G87:H87) -> 0.23 | R87: =SUM(K87:L87) -> 0.46 | S87: =SUM(O87:P87) -> 0.54 | T87: =S87-Q87 -> 0.31
A88: 2023 | B88: 3 | C88: Decoding (NWF-WRC) | D88: 119 | E88: 0.36 | F88: 0.24 | G88: 0.28 | H88: 0.12 | I88: 0.2 | J88: 0.2 | K88: 0.49 | L88: 0.11 | M88: 0.15 | N88: 0.15 | O88: 0.46 | P88: 0.24 | Q88: =SUM(G88:H88) -> 0.4 | R88: =SUM(K88:L88) -> 0.6 | S88: =SUM(O88:P88) -> 0.7 | T88: =S88-Q88 -> 0.3
A89: 2024 | B89: 3 | C89: Decoding (NWF-WRC) | D89: 96 | E89: 0.24 | F89: 0.17 | G89: 0.31 | H89: 0.28 | I89: 0.17 | J89: 0.13 | K89: 0.55 | L89: 0.15 | M89: 0.12 | N89: 0.07 | O89: 0.56 | P89: 0.25 | Q89: =SUM(G89:H89) -> 0.59 | R89: =SUM(K89:L89) -> 0.7 | S89: =SUM(O89:P89) -> 0.81 | T89: =S89-Q89 -> 0.22
A90: 2025 | B90: 3 | C90: Decoding (NWF-WRC) | D90: 120 | E90: 0.28 | F90: 0.11 | G90: 0.27 | H90: 0.34 | I90: 0.14 | J90: 0.17 | K90: 0.44 | L90: 0.25 | M90: 0.16 | N90: 0.13 | O90: 0.32 | P90: 0.39 | Q90: =SUM(G90:H90) -> 0.61 | R90: =SUM(K90:L90) -> 0.69 | S90: =SUM(O90:P90) -> 0.71 | T90: =S90-Q90 -> 0.1
A91: 2026 | B91: 3 | C91: Decoding (NWF-WRC) | D91: 100 | E91: 0.2 | F91: 0.19 | G91: 0.28 | H91: 0.33 | I91: 0.13 | J91: 0.19 | K91: 0.37 | L91: 0.31 | M91: 0.16 | N91: 0.15 | O91: 0.29 | P91: 0.4 | Q91: =SUM(G91:H91) -> 0.61 | R91: =SUM(K91:L91) -> 0.68 | S91: =SUM(O91:P91) -> 0.69 | T91: =S91-Q91 -> 0.08
A92: 2022 | B92: 3 | C92: Letter Sounds (NWF-CLS) | D92: 104 | E92: 0.53 | F92: 0.22 | G92: 0.2 | H92: 0.05 | I92: 0.46 | J92: 0.09 | K92: 0.3 | L92: 0.15 | M92: 0.31 | N92: 0.2 | O92: 0.26 | P92: 0.23 | Q92: =SUM(G92:H92) -> 0.25 | R92: =SUM(K92:L92) -> 0.45 | S92: =SUM(O92:P92) -> 0.49 | T92: =S92-Q92 -> 0.24
A93: 2023 | B93: 3 | C93: Letter Sounds (NWF-CLS) | D93: 119 | E93: 0.24 | F93: 0.3 | G93: 0.36 | H93: 0.1 | I93: 0.24 | J93: 0.18 | K93: 0.45 | L93: 0.13 | M93: 0.19 | N93: 0.24 | O93: 0.31 | P93: 0.26 | Q93: =SUM(G93:H93) -> 0.46 | R93: =SUM(K93:L93) -> 0.58 | S93: =SUM(O93:P93) -> 0.57 | T93: =S93-Q93 -> 0.11
A94: 2024 | B94: 3 | C94: Letter Sounds (NWF-CLS) | D94: 96 | E94: 0.16 | F94: 0.22 | G94: 0.4 | H94: 0.22 | I94: 0.21 | J94: 0.08 | K94: 0.51 | L94: 0.2 | M94: 0.14 | N94: 0.16 | O94: 0.4 | P94: 0.3 | Q94: =SUM(G94:H94) -> 0.62 | R94: =SUM(K94:L94) -> 0.71 | S94: =SUM(O94:P94) -> 0.7 | T94: =S94-Q94 -> 0.08
... A96: 2026 | B96: 3 | C96: Letter Sounds (NWF-CLS) | D96: 100 | E96: 0.17 | F96: 0.2 | G96: 0.37 | H96: 0.26 | I96: 0.15 | J96: 0.15 | K96: 0.32 | L96: 0.38 | M96: 0.18 | N96: 0.18 | O96: 0.17 | P96: 0.47 | Q96: =SUM(G96:H96) -> 0.63 | R96: =SUM(K96:L96) -> 0.7 | S96: =SUM(O96:P96) -> 0.64 | T96: =S96-Q96 -> 0.01
A97: 2022 | B97: 3 | C97: Reading Accuracy (ORF-Accu) | D97: 104 | E97: 0.37 | F97: 0.26 | G97: 0.37 | I97: 0.1 | J97: 0.16 | K97: 0.74 | M97: 0.05 | N97: 0.05 | O97: 0.9 | Q97: =SUM(G97:H97) -> 0.37 | R97: =SUM(K97:L97) -> 0.74 | S97: =SUM(O97:P97) -> 0.9 | T97: =S97-Q97 -> 0.53
A98: 2023 | B98: 3 | C98: Reading Accuracy (ORF-Accu) | D98: 119 | E98: 0.31 | F98: 0.21 | G98: 0.48 | I98: 0.09 | J98: 0.16 | K98: 0.75 | M98: 0.06 | O98: 0.93 | Q98: =SUM(G98:H98) -> 0.48 | R98: =SUM(K98:L98) -> 0.75 | S98: =SUM(O98:P98) -> 0.93 | T98: =S98-Q98 -> 0.45
A99: 2024 | B99: 3 | C99: Reading Accuracy (ORF-Accu) | D99: 96 | E99: 0.27 | F99: 0.26 | G99: 0.47 | I99: 0.08 | J99: 0.05 | K99: 0.87 | M99: 0.03 | N99: 0.04 | O99: 0.93 | Q99: =SUM(G99:H99) -> 0.47 | R99: =SUM(K99:L99) -> 0.87 | S99: =SUM(O99:P99) -> 0.93 | T99: =S99-Q99 -> 0.46
A100: 2025 | B100: 3 | C100: Reading Accuracy (ORF-Accu) | D100: 120 | E100: 0.29 | F100: 0.17 | G100: 0.54 | I100: 0.09 | J100: 0.14 | K100: 0.77 | O100: 0.93 | Q100: =SUM(G100:H100) -> 0.54 | R100: =SUM(K100:L100) -> 0.77 | S100: =SUM(O100:P100) -> 0.93 | T100: =S100-Q100 -> 0.39
A101: 2026 | B101: 3 | C101: Reading Accuracy (ORF-Accu) | D101: 100 | E101: 0.29 | F101: 0.19 | G101: 0.52 | I101: 0.08 | J101: 0.09 | K101: 0.83 | O101: 0.96 | Q101: =SUM(G101:H101) -> 0.52 | R101: =SUM(K101:L101) -> 0.83 | S101: =SUM(O101:P101) -> 0.96 | T101: =S101-Q101 -> 0.44
A102: 2022 | B102: 3 | C102: Reading Fluency (ORF) | D102: 104 | E102: 0.5 | F102: 0.2 | G102: 0.23 | H102: 0.07 | I102: 0.35 | J102: 0.25 | K102: 0.3 | L102: 0.1 | M102: 0.31 | N102: 0.21 | O102: 0.21 | P102: 0.27 | Q102: =SUM(G102:H102) -> 0.3 | R102: =SUM(K102:L102) -> 0.4 | S102: =SUM(O102:P102) -> 0.48 | T102: =S102-Q102 -> 0.18
A103: 2023 | B103: 3 | C103: Reading Fluency (ORF) | D103: 119 | E103: 0.37 | F103: 0.18 | G103: 0.29 | H103: 0.16 | I103: 0.34 | J103: 0.19 | K103: 0.32 | L103: 0.15 | M103: 0.24 | N103: 0.19 | O103: 0.18 | P103: 0.39 | Q103: =SUM(G103:H103) -> 0.45 | R103: =SUM(K103:L103) -> 0.47 | S103: =SUM(O103:P103) -> 0.57 | T103: =S103-Q103 -> 0.12
A104: 2024 | B104: 3 | C104: Reading Fluency (ORF) | D104: 96 | E104: 0.31 | F104: 0.16 | G104: 0.35 | H104: 0.18 | I104: 0.25 | J104: 0.23 | K104: 0.35 | L104: 0.17 | M104: 0.16 | N104: 0.23 | O104: 0.26 | P104: 0.35 | Q104: =SUM(G104:H104) -> 0.53 | R104: =SUM(K104:L104) -> 0.52 | S104: =SUM(O104:P104) -> 0.61 | T104: =S104-Q104 -> 0.08
A105: 2025 | B105: 3 | C105: Reading Fluency (ORF) | D105: 120 | E105: 0.29 | F105: 0.17 | G105: 0.29 | H105: 0.25 | I105: 0.23 | J105: 0.17 | K105: 0.36 | L105: 0.24 | M105: 0.2 | N105: 0.11 | O105: 0.28 | P105: 0.41 | Q105: =SUM(G105:H105) -> 0.54 | R105: =SUM(K105:L105) -> 0.6 | S105: =SUM(O105:P105) -> 0.69 | T105: =S105-Q105 -> 0.15
A106: 2026 | B106: 3 | C106: Reading Fluency (ORF) | D106: 100 | E106: 0.27 | F106: 0.09 | G106: 0.36 | H106: 0.28 | I106: 0.17 | J106: 0.2 | K106: 0.32 | L106: 0.31 | M106: 0.14 | N106: 0.16 | O106: 0.2 | P106: 0.5 | Q106: =SUM(G106:H106) -> 0.64 | R106: =SUM(K106:L106) -> 0.63 | S106: =SUM(O106:P106) -> 0.7 | T106: =S106-Q106 -> 0.06
A107: 2022 | B107: 3 | C107: Word Reading (WRF) | D107: 104 | E107: 0.43 | F107: 0.26 | G107: 0.26 | H107: 0.05 | I107: 0.37 | J107: 0.17 | K107: 0.35 | L107: 0.11 | M107: 0.44 | N107: 0.1 | O107: 0.33 | P107: 0.13 | Q107: =SUM(G107:H107) -> 0.31 | R107: =SUM(K107:L107) -> 0.46 | S107: =SUM(O107:P107) -> 0.46 | T107: =S107-Q107 -> 0.15
A108: 2023 | B108: 3 | C108: Word Reading (WRF) | D108: 119 | E108: 0.3 | F108: 0.25 | G108: 0.27 | H108: 0.18 | I108: 0.32 | J108: 0.22 | K108: 0.26 | L108: 0.2 | M108: 0.33 | N108: 0.12 | O108: 0.27 | P108: 0.28 | Q108: =SUM(G108:H108) -> 0.45 | R108: =SUM(K108:L108) -> 0.46 | S108: =SUM(O108:P108) -> 0.55 | T108: =S108-Q108 -> 0.1
A109: 2024 | B109: 3 | C109: Word Reading (WRF) | D109: 96 | E109: 0.3 | F109: 0.13 | G109: 0.37 | H109: 0.2 | I109: 0.24 | J109: 0.16 | K109: 0.36 | L109: 0.24 | M109: 0.27 | N109: 0.08 | O109: 0.35 | P109: 0.3 | Q109: =SUM(G109:H109) -> 0.57 | R109: =SUM(K109:L109) -> 0.6 | S109: =SUM(O109:P109) -> 0.65 | T109: =S109-Q109 -> 0.08
A110: 2025 | B110: 3 | C110: Word Reading (WRF) | D110: 120 | E110: 0.24 | F110: 0.14 | G110: 0.34 | H110: 0.28 | I110: 0.17 | J110: 0.23 | K110: 0.29 | L110: 0.31 | M110: 0.28 | N110: 0.11 | O110: 0.34 | P110: 0.27 | Q110: =SUM(G110:H110) -> 0.62 | R110: =SUM(K110:L110) -> 0.6 | S110: =SUM(O110:P110) -> 0.61 | T110: =S110-Q110 -> -0.01
A111: 2026 | B111: 3 | C111: Word Reading (WRF) | D111: 100 | E111: 0.21 | F111: 0.11 | G111: 0.34 | H111: 0.34 | I111: 0.18 | J111: 0.08 | K111: 0.39 | L111: 0.35 | M111: 0.23 | N111: 0.08 | O111: 0.25 | P111: 0.44 | Q111: =SUM(G111:H111) -> 0.68 | R111: =SUM(K111:L111) -> 0.74 | S111: =SUM(O111:P111) -> 0.69 | T111: =S111-Q111 -> 0.01
A112: 2026 | B112: 4 | C112: Basic Comprehension (Maze) | D112: 114 | E112: 0.28 | F112: 0.17 | G112: 0.28 | H112: 0.27 | I112: 0.18 | J112: 0.16 | K112: 0.32 | L112: 0.34 | M112: 0.32 | N112: 0.16 | O112: 0.39 | P112: 0.13 | Q112: =SUM(G112:H112) -> 0.55 | R112: =SUM(K112:L112) -> 0.66 | S112: =SUM(O112:P112) -> 0.52 | T112: =S112-Q112 -> -0.03
...
